{
  "all_resumes": [
    {
      "file_path": "C:\\Users\\Administrator\\Desktop\\HRMS\\Backend\\approved_tickets\\7e8864422b_Re-New-Hiring-Position\\Yahia__20250723_122029.pdf",
      "filename": "Yahia__20250723_122029.pdf",
      "final_score": 0.47000000000000003,
      "skill_score": 0.8,
      "experience_score": 0.2,
      "location_score": 0.0,
      "similarity_score": 0.009707665249353636,
      "matched_skills": [
        "Python",
        "AWS",
        "PostgreSQL",
        "Docker"
      ],
      "detailed_skill_matches": {
        "Python": [
          "python"
        ],
        "AWS": [
          "aws"
        ],
        "PostgreSQL": [
          "sql"
        ],
        "Docker": [
          "docker"
        ]
      },
      "detected_experience_years": 1,
      "additional_features": {
        "education_level": 2,
        "has_certifications": true,
        "leadership_experience": 1
      },
      "scoring_weights": {
        "skills": 0.5,
        "experience": 0.35,
        "location": 0.15
      },
      "job_requirements_used": {
        "position": "Fullsatck engineer",
        "required_skills": [
          "Python",
          "AWS",
          "PostgreSQL",
          "Docker",
          "Django"
        ],
        "required_experience": "5-7 years",
        "location": "Texas, United States"
      }
    },
    {
      "file_path": "C:\\Users\\Administrator\\Desktop\\HRMS\\Backend\\approved_tickets\\7e8864422b_Re-New-Hiring-Position\\Smith_20250723_123008.pdf",
      "filename": "Smith_20250723_123008.pdf",
      "final_score": 0.4,
      "skill_score": 0.8,
      "experience_score": 0.0,
      "location_score": 0.0,
      "similarity_score": 0.023491355699729887,
      "matched_skills": [
        "Python",
        "AWS",
        "PostgreSQL",
        "Django"
      ],
      "detailed_skill_matches": {
        "Python": [
          "python"
        ],
        "AWS": [
          "aws"
        ],
        "PostgreSQL": [
          "postgresql"
        ],
        "Django": [
          "django"
        ]
      },
      "detected_experience_years": 0,
      "additional_features": {
        "education_level": 2,
        "has_certifications": false,
        "leadership_experience": 2
      },
      "scoring_weights": {
        "skills": 0.5,
        "experience": 0.35,
        "location": 0.15
      },
      "job_requirements_used": {
        "position": "Fullsatck engineer",
        "required_skills": [
          "Python",
          "AWS",
          "PostgreSQL",
          "Docker",
          "Django"
        ],
        "required_experience": "5-7 years",
        "location": "Texas, United States"
      }
    },
    {
      "file_path": "C:\\Users\\Administrator\\Desktop\\HRMS\\Backend\\approved_tickets\\7e8864422b_Re-New-Hiring-Position\\JOE_20250723_123158.pdf",
      "filename": "JOE_20250723_123158.pdf",
      "final_score": 0.1,
      "skill_score": 0.2,
      "experience_score": 0.0,
      "location_score": 0.0,
      "similarity_score": 0.04672126286913075,
      "matched_skills": [
        "Docker"
      ],
      "detailed_skill_matches": {
        "Docker": [
          "docker"
        ]
      },
      "detected_experience_years": 0,
      "additional_features": {
        "education_level": 0,
        "has_certifications": false,
        "leadership_experience": 0
      },
      "scoring_weights": {
        "skills": 0.5,
        "experience": 0.35,
        "location": 0.15
      },
      "job_requirements_used": {
        "position": "Fullsatck engineer",
        "required_skills": [
          "Python",
          "AWS",
          "PostgreSQL",
          "Docker",
          "Django"
        ],
        "required_experience": "5-7 years",
        "location": "Texas, United States"
      }
    },
    {
      "file_path": "C:\\Users\\Administrator\\Desktop\\HRMS\\Backend\\approved_tickets\\7e8864422b_Re-New-Hiring-Position\\JOHN_20250723_122938.pdf",
      "filename": "JOHN_20250723_122938.pdf",
      "final_score": 0.1,
      "skill_score": 0.2,
      "experience_score": 0.0,
      "location_score": 0.0,
      "similarity_score": 0.02219054234119928,
      "matched_skills": [
        "Docker"
      ],
      "detailed_skill_matches": {
        "Docker": [
          "docker"
        ]
      },
      "detected_experience_years": 0,
      "additional_features": {
        "education_level": 3,
        "has_certifications": false,
        "leadership_experience": 0
      },
      "scoring_weights": {
        "skills": 0.5,
        "experience": 0.35,
        "location": 0.15
      },
      "job_requirements_used": {
        "position": "Fullsatck engineer",
        "required_skills": [
          "Python",
          "AWS",
          "PostgreSQL",
          "Docker",
          "Django"
        ],
        "required_experience": "5-7 years",
        "location": "Texas, United States"
      }
    },
    {
      "file_path": "C:\\Users\\Administrator\\Desktop\\HRMS\\Backend\\approved_tickets\\7e8864422b_Re-New-Hiring-Position\\YAYA_20250723_123037.pdf",
      "filename": "YAYA_20250723_123037.pdf",
      "final_score": 0.1,
      "skill_score": 0.2,
      "experience_score": 0.0,
      "location_score": 0.0,
      "similarity_score": 0.011544127978497916,
      "matched_skills": [
        "PostgreSQL"
      ],
      "detailed_skill_matches": {
        "PostgreSQL": [
          "sql"
        ]
      },
      "detected_experience_years": 0,
      "additional_features": {
        "education_level": 3,
        "has_certifications": false,
        "leadership_experience": 0
      },
      "scoring_weights": {
        "skills": 0.5,
        "experience": 0.35,
        "location": 0.15
      },
      "job_requirements_used": {
        "position": "Fullsatck engineer",
        "required_skills": [
          "Python",
          "AWS",
          "PostgreSQL",
          "Docker",
          "Django"
        ],
        "required_experience": "5-7 years",
        "location": "Texas, United States"
      }
    },
    {
      "file_path": "C:\\Users\\Administrator\\Desktop\\HRMS\\Backend\\approved_tickets\\7e8864422b_Re-New-Hiring-Position\\WALID_20250723_123120.pdf",
      "filename": "WALID_20250723_123120.pdf",
      "final_score": 0.0,
      "skill_score": 0.0,
      "experience_score": 0.0,
      "location_score": 0.0,
      "similarity_score": 0.01196212587867622,
      "matched_skills": [],
      "detailed_skill_matches": {},
      "detected_experience_years": 0,
      "additional_features": {
        "education_level": 1,
        "has_certifications": false,
        "leadership_experience": 0
      },
      "scoring_weights": {
        "skills": 0.5,
        "experience": 0.35,
        "location": 0.15
      },
      "job_requirements_used": {
        "position": "Fullsatck engineer",
        "required_skills": [
          "Python",
          "AWS",
          "PostgreSQL",
          "Docker",
          "Django"
        ],
        "required_experience": "5-7 years",
        "location": "Texas, United States"
      }
    }
  ],
  "top_10": [
    {
      "file_path": "C:\\Users\\Administrator\\Desktop\\HRMS\\Backend\\approved_tickets\\7e8864422b_Re-New-Hiring-Position\\Yahia__20250723_122029.pdf",
      "filename": "Yahia__20250723_122029.pdf",
      "final_score": 0.47000000000000003,
      "skill_score": 0.8,
      "experience_score": 0.2,
      "location_score": 0.0,
      "similarity_score": 0.009707665249353636,
      "matched_skills": [
        "Python",
        "AWS",
        "PostgreSQL",
        "Docker"
      ],
      "detailed_skill_matches": {
        "Python": [
          "python"
        ],
        "AWS": [
          "aws"
        ],
        "PostgreSQL": [
          "sql"
        ],
        "Docker": [
          "docker"
        ]
      },
      "detected_experience_years": 1,
      "additional_features": {
        "education_level": 2,
        "has_certifications": true,
        "leadership_experience": 1
      },
      "scoring_weights": {
        "skills": 0.5,
        "experience": 0.35,
        "location": 0.15
      },
      "job_requirements_used": {
        "position": "Fullsatck engineer",
        "required_skills": [
          "Python",
          "AWS",
          "PostgreSQL",
          "Docker",
          "Django"
        ],
        "required_experience": "5-7 years",
        "location": "Texas, United States"
      }
    },
    {
      "file_path": "C:\\Users\\Administrator\\Desktop\\HRMS\\Backend\\approved_tickets\\7e8864422b_Re-New-Hiring-Position\\Smith_20250723_123008.pdf",
      "filename": "Smith_20250723_123008.pdf",
      "final_score": 0.4,
      "skill_score": 0.8,
      "experience_score": 0.0,
      "location_score": 0.0,
      "similarity_score": 0.023491355699729887,
      "matched_skills": [
        "Python",
        "AWS",
        "PostgreSQL",
        "Django"
      ],
      "detailed_skill_matches": {
        "Python": [
          "python"
        ],
        "AWS": [
          "aws"
        ],
        "PostgreSQL": [
          "postgresql"
        ],
        "Django": [
          "django"
        ]
      },
      "detected_experience_years": 0,
      "additional_features": {
        "education_level": 2,
        "has_certifications": false,
        "leadership_experience": 2
      },
      "scoring_weights": {
        "skills": 0.5,
        "experience": 0.35,
        "location": 0.15
      },
      "job_requirements_used": {
        "position": "Fullsatck engineer",
        "required_skills": [
          "Python",
          "AWS",
          "PostgreSQL",
          "Docker",
          "Django"
        ],
        "required_experience": "5-7 years",
        "location": "Texas, United States"
      }
    },
    {
      "file_path": "C:\\Users\\Administrator\\Desktop\\HRMS\\Backend\\approved_tickets\\7e8864422b_Re-New-Hiring-Position\\JOE_20250723_123158.pdf",
      "filename": "JOE_20250723_123158.pdf",
      "final_score": 0.1,
      "skill_score": 0.2,
      "experience_score": 0.0,
      "location_score": 0.0,
      "similarity_score": 0.04672126286913075,
      "matched_skills": [
        "Docker"
      ],
      "detailed_skill_matches": {
        "Docker": [
          "docker"
        ]
      },
      "detected_experience_years": 0,
      "additional_features": {
        "education_level": 0,
        "has_certifications": false,
        "leadership_experience": 0
      },
      "scoring_weights": {
        "skills": 0.5,
        "experience": 0.35,
        "location": 0.15
      },
      "job_requirements_used": {
        "position": "Fullsatck engineer",
        "required_skills": [
          "Python",
          "AWS",
          "PostgreSQL",
          "Docker",
          "Django"
        ],
        "required_experience": "5-7 years",
        "location": "Texas, United States"
      }
    },
    {
      "file_path": "C:\\Users\\Administrator\\Desktop\\HRMS\\Backend\\approved_tickets\\7e8864422b_Re-New-Hiring-Position\\JOHN_20250723_122938.pdf",
      "filename": "JOHN_20250723_122938.pdf",
      "final_score": 0.1,
      "skill_score": 0.2,
      "experience_score": 0.0,
      "location_score": 0.0,
      "similarity_score": 0.02219054234119928,
      "matched_skills": [
        "Docker"
      ],
      "detailed_skill_matches": {
        "Docker": [
          "docker"
        ]
      },
      "detected_experience_years": 0,
      "additional_features": {
        "education_level": 3,
        "has_certifications": false,
        "leadership_experience": 0
      },
      "scoring_weights": {
        "skills": 0.5,
        "experience": 0.35,
        "location": 0.15
      },
      "job_requirements_used": {
        "position": "Fullsatck engineer",
        "required_skills": [
          "Python",
          "AWS",
          "PostgreSQL",
          "Docker",
          "Django"
        ],
        "required_experience": "5-7 years",
        "location": "Texas, United States"
      }
    },
    {
      "file_path": "C:\\Users\\Administrator\\Desktop\\HRMS\\Backend\\approved_tickets\\7e8864422b_Re-New-Hiring-Position\\YAYA_20250723_123037.pdf",
      "filename": "YAYA_20250723_123037.pdf",
      "final_score": 0.1,
      "skill_score": 0.2,
      "experience_score": 0.0,
      "location_score": 0.0,
      "similarity_score": 0.011544127978497916,
      "matched_skills": [
        "PostgreSQL"
      ],
      "detailed_skill_matches": {
        "PostgreSQL": [
          "sql"
        ]
      },
      "detected_experience_years": 0,
      "additional_features": {
        "education_level": 3,
        "has_certifications": false,
        "leadership_experience": 0
      },
      "scoring_weights": {
        "skills": 0.5,
        "experience": 0.35,
        "location": 0.15
      },
      "job_requirements_used": {
        "position": "Fullsatck engineer",
        "required_skills": [
          "Python",
          "AWS",
          "PostgreSQL",
          "Docker",
          "Django"
        ],
        "required_experience": "5-7 years",
        "location": "Texas, United States"
      }
    },
    {
      "file_path": "C:\\Users\\Administrator\\Desktop\\HRMS\\Backend\\approved_tickets\\7e8864422b_Re-New-Hiring-Position\\WALID_20250723_123120.pdf",
      "filename": "WALID_20250723_123120.pdf",
      "final_score": 0.0,
      "skill_score": 0.0,
      "experience_score": 0.0,
      "location_score": 0.0,
      "similarity_score": 0.01196212587867622,
      "matched_skills": [],
      "detailed_skill_matches": {},
      "detected_experience_years": 0,
      "additional_features": {
        "education_level": 1,
        "has_certifications": false,
        "leadership_experience": 0
      },
      "scoring_weights": {
        "skills": 0.5,
        "experience": 0.35,
        "location": 0.15
      },
      "job_requirements_used": {
        "position": "Fullsatck engineer",
        "required_skills": [
          "Python",
          "AWS",
          "PostgreSQL",
          "Docker",
          "Django"
        ],
        "required_experience": "5-7 years",
        "location": "Texas, United States"
      }
    }
  ],
  "agent_review": "Based on the provided requirements, I will review each candidate and flag those who do not meet the criteria.\n\n**Candidate 1: Yahia**\n- Experience: 1 year (does not meet the 5-7 year requirement)\n- Skills: \n  - Matched skills: Python, AWS, PostgreSQL, Docker\n  - Missing skills: Django\n- Location: No match\n- Overall score: 47.0%\n- Flagged: Yes (does not meet experience requirement)\n\n**Candidate 2: Smith**\n- Experience: 0 years (does not meet the 5-7 year requirement)\n- Skills: \n  - Matched skills: Python, AWS, PostgreSQL, Django\n  - Missing skills: Docker\n- Location: No match\n- Overall score: 40.0%\n- Flagged: Yes (does not meet experience requirement)\n\n**Candidate 3: JOE**\n- Experience: 0 years (does not meet the 5-7 year requirement)\n- Skills: \n  - Matched skills: Docker\n  - Missing skills: Python, AWS, PostgreSQL, Django\n- Location: No match\n- Overall score: 10.0%\n- Flagged: Yes (does not meet experience and skill requirements)\n\n**Candidate 4: JOHN**\n- Experience: 0 years (does not meet the 5-7 year requirement)\n- Skills: \n  - Matched skills: Docker\n  - Missing skills: Python, AWS, PostgreSQL, Django\n- Location: No match\n- Overall score: 10.0%\n- Flagged: Yes (does not meet experience and skill requirements)\n\n**Candidate 5: YAYA**\n- Experience: 0 years (does not meet the 5-7 year requirement)\n- Skills: \n  - Matched skills: PostgreSQL\n  - Missing skills: Python, AWS, Docker, Django\n- Location: No match\n- Overall score: 10.0%\n- Flagged: Yes (does not meet experience and skill requirements)\n\nBased on the review, all candidates do not meet the experience requirement of 5-7 years. Additionally, none of the candidates have all the required skills, specifically Django.",
  "scoring_criteria": {
    "skills_required": [
      "Python",
      "AWS",
      "PostgreSQL",
      "Docker",
      "Django"
    ],
    "experience_range": "5-7 years",
    "location": "Texas, United States"
  }
}