{
  "top_5_candidates": [
    {
      "file_path": "C:\\Users\\Administrator\\Desktop\\HRMS\\Backend\\approved_tickets\\7e8864422b_Re-New-Hiring-Position\\Yahia__20250723_122029.pdf",
      "filename": "Yahia__20250723_122029.pdf",
      "final_score": 0.47000000000000003,
      "skill_score": 0.8,
      "experience_score": 0.2,
      "location_score": 0.0,
      "similarity_score": 0.009707665249353636,
      "matched_skills": [
        "Python",
        "AWS",
        "PostgreSQL",
        "Docker"
      ],
      "detailed_skill_matches": {
        "Python": [
          "python"
        ],
        "AWS": [
          "aws"
        ],
        "PostgreSQL": [
          "sql"
        ],
        "Docker": [
          "docker"
        ]
      },
      "detected_experience_years": 1,
      "additional_features": {
        "education_level": 2,
        "has_certifications": true,
        "leadership_experience": 1
      },
      "scoring_weights": {
        "skills": 0.5,
        "experience": 0.35,
        "location": 0.15
      },
      "job_requirements_used": {
        "position": "Fullsatck engineer",
        "required_skills": [
          "Python",
          "AWS",
          "PostgreSQL",
          "Docker",
          "Django"
        ],
        "required_experience": "5-7 years",
        "location": "Texas, United States"
      },
      "final_rank": 1,
      "selection_reason": "Strong match for requirements"
    },
    {
      "file_path": "C:\\Users\\Administrator\\Desktop\\HRMS\\Backend\\approved_tickets\\7e8864422b_Re-New-Hiring-Position\\Smith_20250723_123008.pdf",
      "filename": "Smith_20250723_123008.pdf",
      "final_score": 0.4,
      "skill_score": 0.8,
      "experience_score": 0.0,
      "location_score": 0.0,
      "similarity_score": 0.023491355699729887,
      "matched_skills": [
        "Python",
        "AWS",
        "PostgreSQL",
        "Django"
      ],
      "detailed_skill_matches": {
        "Python": [
          "python"
        ],
        "AWS": [
          "aws"
        ],
        "PostgreSQL": [
          "postgresql"
        ],
        "Django": [
          "django"
        ]
      },
      "detected_experience_years": 0,
      "additional_features": {
        "education_level": 2,
        "has_certifications": false,
        "leadership_experience": 2
      },
      "scoring_weights": {
        "skills": 0.5,
        "experience": 0.35,
        "location": 0.15
      },
      "job_requirements_used": {
        "position": "Fullsatck engineer",
        "required_skills": [
          "Python",
          "AWS",
          "PostgreSQL",
          "Docker",
          "Django"
        ],
        "required_experience": "5-7 years",
        "location": "Texas, United States"
      },
      "final_rank": 2,
      "selection_reason": "Strong match for requirements"
    },
    {
      "file_path": "C:\\Users\\Administrator\\Desktop\\HRMS\\Backend\\approved_tickets\\7e8864422b_Re-New-Hiring-Position\\JOE_20250723_123158.pdf",
      "filename": "JOE_20250723_123158.pdf",
      "final_score": 0.1,
      "skill_score": 0.2,
      "experience_score": 0.0,
      "location_score": 0.0,
      "similarity_score": 0.04672126286913075,
      "matched_skills": [
        "Docker"
      ],
      "detailed_skill_matches": {
        "Docker": [
          "docker"
        ]
      },
      "detected_experience_years": 0,
      "additional_features": {
        "education_level": 0,
        "has_certifications": false,
        "leadership_experience": 0
      },
      "scoring_weights": {
        "skills": 0.5,
        "experience": 0.35,
        "location": 0.15
      },
      "job_requirements_used": {
        "position": "Fullsatck engineer",
        "required_skills": [
          "Python",
          "AWS",
          "PostgreSQL",
          "Docker",
          "Django"
        ],
        "required_experience": "5-7 years",
        "location": "Texas, United States"
      },
      "final_rank": 3,
      "selection_reason": "Strong match for requirements"
    },
    {
      "file_path": "C:\\Users\\Administrator\\Desktop\\HRMS\\Backend\\approved_tickets\\7e8864422b_Re-New-Hiring-Position\\JOHN_20250723_122938.pdf",
      "filename": "JOHN_20250723_122938.pdf",
      "final_score": 0.1,
      "skill_score": 0.2,
      "experience_score": 0.0,
      "location_score": 0.0,
      "similarity_score": 0.02219054234119928,
      "matched_skills": [
        "Docker"
      ],
      "detailed_skill_matches": {
        "Docker": [
          "docker"
        ]
      },
      "detected_experience_years": 0,
      "additional_features": {
        "education_level": 3,
        "has_certifications": false,
        "leadership_experience": 0
      },
      "scoring_weights": {
        "skills": 0.5,
        "experience": 0.35,
        "location": 0.15
      },
      "job_requirements_used": {
        "position": "Fullsatck engineer",
        "required_skills": [
          "Python",
          "AWS",
          "PostgreSQL",
          "Docker",
          "Django"
        ],
        "required_experience": "5-7 years",
        "location": "Texas, United States"
      },
      "final_rank": 4,
      "selection_reason": "Strong match for requirements"
    },
    {
      "file_path": "C:\\Users\\Administrator\\Desktop\\HRMS\\Backend\\approved_tickets\\7e8864422b_Re-New-Hiring-Position\\YAYA_20250723_123037.pdf",
      "filename": "YAYA_20250723_123037.pdf",
      "final_score": 0.1,
      "skill_score": 0.2,
      "experience_score": 0.0,
      "location_score": 0.0,
      "similarity_score": 0.011544127978497916,
      "matched_skills": [
        "PostgreSQL"
      ],
      "detailed_skill_matches": {
        "PostgreSQL": [
          "sql"
        ]
      },
      "detected_experience_years": 0,
      "additional_features": {
        "education_level": 3,
        "has_certifications": false,
        "leadership_experience": 0
      },
      "scoring_weights": {
        "skills": 0.5,
        "experience": 0.35,
        "location": 0.15
      },
      "job_requirements_used": {
        "position": "Fullsatck engineer",
        "required_skills": [
          "Python",
          "AWS",
          "PostgreSQL",
          "Docker",
          "Django"
        ],
        "required_experience": "5-7 years",
        "location": "Texas, United States"
      },
      "final_rank": 5,
      "selection_reason": "Strong match for requirements"
    }
  ],
  "detailed_analysis": "Based on the provided requirements and candidate data, I will evaluate and rank the candidates. \n\nThe requirements are:\n- Experience Range: 5-7 years\n- Must-Have Skills: Python, AWS, PostgreSQL, Docker, Django\n- Location: Texas, United States\n- Salary Budget: 30 000- 40 000 dollars\n\nHowever, the location and salary budget are not provided in the candidate data, so I will focus on the experience range and must-have skills.\n\nNone of the candidates meet the experience range requirement of 5-7 years, as all of them have 0 or 1 year of experience. However, I will still evaluate them based on the must-have skills.\n\n1. **Candidate 1**: Matches 4 out of 5 must-have skills (missing Django). Although this candidate has the most matched skills, their experience is only 1 year, which is below the required range.\n2. **Candidate 2**: Matches 4 out of 5 must-have skills (missing Docker). This candidate has 0 years of experience, which is a significant gap.\n\nGiven the significant gap in experience for all candidates, it's challenging to select the top candidates based solely on the provided data. However, if I had to choose, I would consider Candidate 1 as the most suitable, despite not meeting the experience requirement, due to having the most matched skills.\n\nSince none of the candidates meet the experience requirement, and considering the must-have skills, I would not be able to select the top 5 candidates from this pool. It's essential to find candidates who meet the experience range and have the required skills.\n\nIf I had to rank the candidates based on the skills alone, the ranking would be:\n1. Candidate 1\n2. Candidate 2\n3. Candidate 5 (matches 1 skill)\n4. Candidate 3 (matches 1 skill)\n5. Candidate 4 (matches 1 skill)\n\nPlease note that this ranking is not ideal, as none of the candidates meet the experience requirement. A new search with a focus on experience and skills would be necessary to find suitable candidates.",
  "selection_criteria": "Based on job requirements",
  "requirements_version": "2025-07-23T12:04:05.563503"
}