{
  "ticket_info": {
    "ticket_id": "7e8864422b",
    "sender": "oualid.sadlaib2000@gmail.com",
    "subject": "Re: New Hiring Position",
    "created_at": "2025-07-23T11:45:18",
    "last_updated": "2025-07-23T11:46:40",
    "status": "posted",
    "approval_status": "approved",
    "approved": 1,
    "approved_at": "2025-07-23T11:46:40",
    "approval_token": "AudZtWbf6tbYSGXyaFCwg7wvCyCWXPem",
    "terminated_at": null,
    "terminated_by": null,
    "termination_reason": null,
    "rejected_at": null,
    "rejection_reason": null
  },
  "job_details": {
    "deadline": "August 15, 2025",
    "employment_type": "Full-time",
    "experience_required": "5-7 years",
    "job_description": "We need an experienced Python developer to join our team and work on backend services.",
    "job_title": "Fullsatck engineer",
    "location": "Texas, United States",
    "required_skills": "Python, Django, PostgreSQL, Docker, AWS",
    "salary_range": "30 000- 40 000 dollars"
  },
  "saved_at": "2025-07-23T12:04:05.563503"
}