{
  "batch_run_timestamp": "2025-07-23T13:04:04.497439",
  "statistics": {
    "total_tickets": 1,
    "processed": 1,
    "skipped": 0,
    "errors": 0
  },
  "tickets": [
    {
      "ticket_id": "7e8864422b_Re-New-Hiring-Position",
      "ticket_path": "C:\\Users\\Administrator\\Desktop\\HRMS\\Backend\\approved_tickets\\7e8864422b_Re-New-Hiring-Position",
      "status": "completed",
      "timestamp": "2025-07-23T13:04:04.495408",
      "position": "Fullsatck engineer",
      "total_resumes": 6,
      "top_5_selected": 5,
      "top_candidates": [
        {
          "name": "Yahia__20250723_122029.pdf",
          "score": "47.0%"
        },
        {
          "name": "Smith_20250723_123008.pdf",
          "score": "40.0%"
        },
        {
          "name": "JOE_20250723_123158.pdf",
          "score": "10.0%"
        }
      ]
    }
  ],
  "tracker_summary": {
    "total_processed": 4,
    "tickets": {
      "74afd4b567_Re-Software-Developer-position": {
        "content_hash": "a6e2c58b262d4d7d92847eb9800fd9d8",
        "last_processed": "2025-07-07T15:33:28.597453",
        "results_file": "C:\\Users\\Administrator\\Desktop\\HRMS\\Backend\\approved_tickets\\74afd4b567_Re-Software-Developer-position\\filtering_results\\final_results_74afd4b567_Re-Software-Developer-position_20250707_153328.json",
        "status": "completed"
      },
      "462da1ffd6_Re-UTF-8QHiring_Request_E28093_Senior_DevOps_Engin": {
        "content_hash": "6c57f1db8e69b51d257fafe88aa1d604",
        "last_processed": "2025-07-11T16:33:41.982556",
        "results_file": "approved_tickets\\462da1ffd6_Re-UTF-8QHiring_Request_E28093_Senior_DevOps_Engin\\filtering_results\\final_results_462da1ffd6_Re-UTF-8QHiring_Request_E28093_Senior_DevOps_Engin_20250711_163341.json",
        "status": "completed"
      },
      "bfe785244b_Software-Engineer": {
        "content_hash": "13e4f9cb4046ef47da690fa1bcfec63a",
        "last_processed": "2025-07-23T12:35:48.234214",
        "results_file": "C:\\Users\\Administrator\\Desktop\\HRMS\\Backend\\approved_tickets\\bfe785244b_Software-Engineer\\filtering_results\\final_results_bfe785244b_Software-Engineer_20250723_123548.json",
        "status": "completed"
      },
      "7e8864422b_Re-New-Hiring-Position": {
        "content_hash": "81ed167040d73c194b01f04a76c036a0",
        "last_processed": "2025-07-23T13:04:04.494391",
        "results_file": "C:\\Users\\Administrator\\Desktop\\HRMS\\Backend\\approved_tickets\\7e8864422b_Re-New-Hiring-Position\\filtering_results\\final_results_7e8864422b_Re-New-Hiring-Position_20250723_130404.json",
        "status": "completed"
      }
    }
  }
}